-- phpMyAdmin SQL Dump
-- version 4.6.6
-- https://www.phpmyadmin.net/
--
-- Host: eu-cdbr-azure-west-b.cloudapp.net:3306
-- Creato il: Mag 26, 2017 alle 11:42
-- Versione del server: 5.5.54-log
-- Versione PHP: 5.6.30

SET SQL_MODE = "NO_AUTO_VALUE_ON_ZERO";
SET time_zone = "+00:00";


/*!40101 SET @OLD_CHARACTER_SET_CLIENT=@@CHARACTER_SET_CLIENT */;
/*!40101 SET @OLD_CHARACTER_SET_RESULTS=@@CHARACTER_SET_RESULTS */;
/*!40101 SET @OLD_COLLATION_CONNECTION=@@COLLATION_CONNECTION */;
/*!40101 SET NAMES utf8mb4 */;

--
-- Database: `3g_rental`
--

-- --------------------------------------------------------

--
-- Struttura della tabella `categoria`
--

CREATE TABLE `categoria` (
  `ID` int(11) NOT NULL,
  `nome` varchar(32) NOT NULL
) ENGINE=MyISAM DEFAULT CHARSET=latin1;

--
-- Dump dei dati per la tabella `categoria`
--

INSERT INTO `categoria` (`ID`, `nome`) VALUES
(1, 'Musica'),
(2, 'Film e Serie TV'),
(3, 'Videogiochi'),
(4, 'Console'),
(5, 'Elettronica'),
(6, 'Informatica'),
(7, 'Casa'),
(8, 'Giardino'),
(9, 'Fai da te'),
(10, 'Giocattoli'),
(11, 'Prima infanzia'),
(12, 'Moda'),
(13, 'Gioielli'),
(14, 'Sport'),
(15, 'Tempo libero'),
(16, 'Sex toys');

-- --------------------------------------------------------

--
-- Struttura della tabella `ci_sessions`
--

CREATE TABLE `ci_sessions` (
  `id` varchar(128) NOT NULL,
  `ip_address` varchar(45) NOT NULL,
  `timestamp` int(10) UNSIGNED NOT NULL DEFAULT '0',
  `data` blob NOT NULL
) ENGINE=MyISAM DEFAULT CHARSET=latin1;

--
-- Dump dei dati per la tabella `ci_sessions`
--

INSERT INTO `ci_sessions` (`id`, `ip_address`, `timestamp`, `data`) VALUES
('kgsq8ph06pqv1fk7j4uni2jfu6', '172.68.198.49', 1495357327, 0x5f5f63695f6c6173745f726567656e65726174657c693a313439353335373234343b),
('5bj6hk0a07fnf7ovugbf3ldd20', '172.68.198.49', 1495358206, 0x5f5f63695f6c6173745f726567656e65726174657c693a313439353335383039303b),
('m68oqd06ad75rmvc4jujfbmqv2', '141.101.76.103', 1495358213, 0x5f5f63695f6c6173745f726567656e65726174657c693a313439353335383231333b),
('o16ulp1074qtk9eldq3fdeh4t3', '141.101.76.103', 1495358213, 0x5f5f63695f6c6173745f726567656e65726174657c693a313439353335383231333b),
('p8dr8gk37gm2gb2ab622rkfgr6', '162.158.38.7', 1495358213, 0x5f5f63695f6c6173745f726567656e65726174657c693a313439353335383231333b),
('73813v90df8ouapu92e4cbjgo1', '188.114.102.127', 1495358395, 0x5f5f63695f6c6173745f726567656e65726174657c693a313439353335383232323b),
('0oo66p7rlt6rtv201l82mt54o3', '172.68.198.25', 1495358278, 0x5f5f63695f6c6173745f726567656e65726174657c693a313439353335383237383b),
('nutgvcv55jnqpr1n8isfd6ptv3', '188.114.102.127', 1495358839, 0x5f5f63695f6c6173745f726567656e65726174657c693a313439353335383833393b),
('e9a80hgi951uvpted31u9tto72', '172.68.198.25', 1495359172, 0x5f5f63695f6c6173745f726567656e65726174657c693a313439353335383839303b),
('rm8kiejs4mq4ubsoinraoogsk4', '172.68.198.25', 1495359491, 0x5f5f63695f6c6173745f726567656e65726174657c693a313439353335393139343b),
('8g9ifl43grqtfvrep2ad4i70v0', '188.114.102.127', 1495359485, 0x5f5f63695f6c6173745f726567656e65726174657c693a313439353335393338343b),
('3seu3vft2rej1fv3s8r5313ti6', '172.68.198.25', 1495359472, 0x5f5f63695f6c6173745f726567656e65726174657c693a313439353335393437323b),
('ap3m6u2ritkmnf1q12st571k44', '172.68.198.25', 1495359846, 0x5f5f63695f6c6173745f726567656e65726174657c693a313439353335393833353b),
('4r39q3uqmuidodcadln0jmiqt2', '188.114.102.127', 1495360190, 0x5f5f63695f6c6173745f726567656e65726174657c693a313439353336303139303b),
('i02q7q7mqsv0onjsi7i84vtkg2', '172.68.198.25', 1495361242, 0x5f5f63695f6c6173745f726567656e65726174657c693a313439353336313033333b),
('rtmvmesp8moc8qudkueb13dv65', '172.68.198.25', 1495364216, 0x5f5f63695f6c6173745f726567656e65726174657c693a313439353336343231363b),
('9s3s032p1vrgif1sphvfim8pb0', '172.68.198.25', 1495364681, 0x5f5f63695f6c6173745f726567656e65726174657c693a313439353336343631363b),
('qruf8n5mrdmsrlcrat53qlv4t7', '172.68.198.25', 1495365274, 0x5f5f63695f6c6173745f726567656e65726174657c693a313439353336353237343b),
('jocolp4lgprdfpanog4fd8a4v6', '172.68.10.67', 1495369802, 0x5f5f63695f6c6173745f726567656e65726174657c693a313439353336393830323b),
('q800is4s4b34his00hin5t9ed4', '172.68.198.25', 1495386260, 0x5f5f63695f6c6173745f726567656e65726174657c693a313439353338363236303b),
('hvs8fkhpc5df0vrmjrj8qr3192', '172.68.198.25', 1495442713, 0x5f5f63695f6c6173745f726567656e65726174657c693a313439353434323435313b),
('o1rdag56866uhjeatqm0vfc265', '162.158.111.40', 1495442460, 0x5f5f63695f6c6173745f726567656e65726174657c693a313439353434323436303b),
('6sohfbon1pct1jqs5a65hljmr5', '188.114.102.229', 1495442583, 0x5f5f63695f6c6173745f726567656e65726174657c693a313439353434323538333b),
('24ksf0fkb0l2e9tb2bf68trei2', '188.114.102.229', 1495443122, 0x5f5f63695f6c6173745f726567656e65726174657c693a313439353434333038323b),
('8rsg7rtgfckjo93sikt80rtbv3', '172.68.198.25', 1495443416, 0x5f5f63695f6c6173745f726567656e65726174657c693a313439353434333133383b),
('tc48c6jk7p2p287m11ssp5vqv3', '172.68.198.25', 1495443794, 0x5f5f63695f6c6173745f726567656e65726174657c693a313439353434333631313b),
('4v2chcsld10hgcqa9hqqpn5to1', '188.114.102.229', 1495443641, 0x5f5f63695f6c6173745f726567656e65726174657c693a313439353434333633323b),
('53doa5i0n10ujvpev4dii42a23', '172.68.198.25', 1495444329, 0x5f5f63695f6c6173745f726567656e65726174657c693a313439353434343131353b),
('cate3hhho2992ts1k8bt8lb6j1', '188.114.102.229', 1495444488, 0x5f5f63695f6c6173745f726567656e65726174657c693a313439353434343230333b),
('a9uj773pu16gqe2dcbm0j2cvr6', '188.114.102.229', 1495444538, 0x5f5f63695f6c6173745f726567656e65726174657c693a313439353434343533383b),
('7j3tqokt3rubs2muesrdu7sjv7', '188.114.102.229', 1495444860, 0x5f5f63695f6c6173745f726567656e65726174657c693a313439353434343834343b),
('csgaev3o4lpshpq8gv7tsgt0o2', '188.114.102.229', 1495445429, 0x5f5f63695f6c6173745f726567656e65726174657c693a313439353434353338353b),
('8nr6meinvmqpang0mls47mgvm3', '188.114.102.229', 1495446070, 0x5f5f63695f6c6173745f726567656e65726174657c693a313439353434353933303b),
('s9ue7sdec7nu1eamh4rgihpc51', '188.114.102.229', 1495446315, 0x5f5f63695f6c6173745f726567656e65726174657c693a313439353434363331353b),
('mlg8jpgfifedbv7b19n0j6kfs2', '188.114.102.229', 1495446909, 0x5f5f63695f6c6173745f726567656e65726174657c693a313439353434363930393b),
('hst556o7ajeptd9pj0kuoh8g21', '172.68.198.25', 1495447754, 0x5f5f63695f6c6173745f726567656e65726174657c693a313439353434373631353b),
('n0as903f8eclu5ei413afg94g5', '188.114.102.229', 1495447629, 0x5f5f63695f6c6173745f726567656e65726174657c693a313439353434373632323b),
('vtgd4cb952q3vqtskd3jebgk75', '172.68.198.25', 1495448257, 0x5f5f63695f6c6173745f726567656e65726174657c693a313439353434383037373b),
('d8eec8tmero5fjb6h45skt2hb6', '188.114.102.229', 1495448114, 0x5f5f63695f6c6173745f726567656e65726174657c693a313439353434383038393b),
('s6t9daenqg9qgnhhvqakldi100', '172.68.198.25', 1495448692, 0x5f5f63695f6c6173745f726567656e65726174657c693a313439353434383432333b),
('kcpvrdtplq95cohuv5juf1qtn6', '188.114.102.229', 1495448819, 0x5f5f63695f6c6173745f726567656e65726174657c693a313439353434383831393b),
('ash0b839f8moki1946ebs1hbu6', '172.68.198.25', 1495448881, 0x5f5f63695f6c6173745f726567656e65726174657c693a313439353434383838313b),
('i6hu05p37s7odjlk66hq40b455', '188.114.102.229', 1495449434, 0x5f5f63695f6c6173745f726567656e65726174657c693a313439353434393135343b),
('iof77evhlamkhkb21hg6lc7103', '188.114.102.229', 1495461885, 0x5f5f63695f6c6173745f726567656e65726174657c693a313439353436313539363b),
('8rthhsmelumhmp7pf42ktme4g5', '188.114.102.229', 1495462113, 0x5f5f63695f6c6173745f726567656e65726174657c693a313439353436323130333b),
('iqpuv5g0pvfbt6pdo8egeubpi5', '188.114.102.229', 1495462640, 0x5f5f63695f6c6173745f726567656e65726174657c693a313439353436323537303b),
('eptplmhp7vqgfg6ik8c2m3pft2', '188.114.102.229', 1495463052, 0x5f5f63695f6c6173745f726567656e65726174657c693a313439353436323936343b),
('u4mu6lcp5dhjck3lq7ups5sbg5', '188.114.102.229', 1495463685, 0x5f5f63695f6c6173745f726567656e65726174657c693a313439353436333339363b),
('dpt9nqquaia9mkeh90qfqba0k1', '188.114.102.229', 1495464139, 0x5f5f63695f6c6173745f726567656e65726174657c693a313439353436333837353b),
('v6aecblnjq5c7ii1spk4mu60k0', '188.114.102.229', 1495464402, 0x5f5f63695f6c6173745f726567656e65726174657c693a313439353436343430323b),
('rjnbk5k3654f96h1jeoh6nt6otjh535q', '151.54.25.140', 1495478288, 0x5f5f63695f6c6173745f726567656e65726174657c693a313439353437373939383b),
('a8oo8gununrch5072hqp65b296a9la9f', '79.56.98.38', 1495478321, 0x5f5f63695f6c6173745f726567656e65726174657c693a313439353437383037373b),
('amerlidhqmkqtfukjqnf3dblb3vp36cm', '151.54.25.140', 1495478716, 0x5f5f63695f6c6173745f726567656e65726174657c693a313439353437383432363b),
('7moonphsf9o635pp0cf605332bv9b7rk', '79.56.98.38', 1495478689, 0x5f5f63695f6c6173745f726567656e65726174657c693a313439353437383530373b),
('7b678apctt86t07mhual8sdhf74mbe25', '104.45.18.178', 1495478541, 0x5f5f63695f6c6173745f726567656e65726174657c693a313439353437383534313b),
('cdouhdqu89bsolhg60fh7dlsmrp3nlbr', '104.45.18.178', 1495478541, 0x5f5f63695f6c6173745f726567656e65726174657c693a313439353437383534313b),
('oksticq5e9sashib39v3qmta4ov0vujs', '151.54.25.140', 1495478650, 0x5f5f63695f6c6173745f726567656e65726174657c693a313439353437383537313b),
('uosj91b7bb84vhsdufcnqnq9ltn270so', '79.56.98.38', 1495478635, 0x5f5f63695f6c6173745f726567656e65726174657c693a313439353437383632323b),
('231l0fmlkejtdaskmqu8mjnuj8tipagu', '79.56.98.38', 1495478770, 0x5f5f63695f6c6173745f726567656e65726174657c693a313439353437383736313b),
('m4dirj1id0clf8fcfio8jfij438e75kp', '151.54.25.140', 1495478885, 0x5f5f63695f6c6173745f726567656e65726174657c693a313439353437383834343b),
('qmnv9jaia34nql1h3c1knni9j9st99sb', '151.54.25.140', 1495479558, 0x5f5f63695f6c6173745f726567656e65726174657c693a313439353437393430313b),
('69fh214gfpkbo09f99gjqc6fng4cllfj', '79.56.98.38', 1495479544, 0x5f5f63695f6c6173745f726567656e65726174657c693a313439353437393434333b),
('uc6ss7rvn9apf1o17brkj1qr2k2mjkra', '149.154.167.171', 1495479471, 0x5f5f63695f6c6173745f726567656e65726174657c693a313439353437393437313b),
('qncnj4u4l2kk4j6k7olubetdscdcjoae', '93.37.176.234', 1495479539, 0x5f5f63695f6c6173745f726567656e65726174657c693a313439353437393533393b),
('jriu1j6dhkfnsagmvgdfqpbf99mbakal', '79.56.98.38', 1495480121, 0x5f5f63695f6c6173745f726567656e65726174657c693a313439353437393935353b),
('hnrhug95f41d4cj7c47qlckvn8jo8v72', '79.56.98.38', 1495479960, 0x5f5f63695f6c6173745f726567656e65726174657c693a313439353437393936303b),
('o924nibg9c39r1m4l7kv2cn62nductei', '93.37.176.234', 1495482512, 0x5f5f63695f6c6173745f726567656e65726174657c693a313439353438323531323b),
('503udjnap6qhjefljivdspupid7opie3', '5.170.223.140', 1495520778, 0x5f5f63695f6c6173745f726567656e65726174657c693a313439353532303737373b),
('bh2l7j267jie4dsi32ogsplmbk6r1onp', '151.97.19.54', 1495524056, 0x5f5f63695f6c6173745f726567656e65726174657c693a313439353532343035363b),
('2pm3k3bc0irs7fiakuf0as8a1u55b6g4', '79.56.98.38', 1495540516, 0x5f5f63695f6c6173745f726567656e65726174657c693a313439353534303531363b),
('4m08fhgq2d02qj7t59qhf3cpuh8snkm2', '93.37.176.234', 1495571611, 0x5f5f63695f6c6173745f726567656e65726174657c693a313439353537313631313b),
('74s23sqol7li16c3p9t6sko408bqslam', '93.37.176.234', 1495571936, 0x5f5f63695f6c6173745f726567656e65726174657c693a313439353537313933363b),
('c4urmu4vg2ja9sdgdnq7o60ndvokk0te', '62.18.26.221', 1495576186, 0x5f5f63695f6c6173745f726567656e65726174657c693a313439353537363138363b),
('qfrf0l4u4mb5vn9g9sshsph4b64barlb', '151.97.19.54', 1495614257, 0x5f5f63695f6c6173745f726567656e65726174657c693a313439353631343235363b),
('fsb2ekkkr8issuljcpagvuoj5unpkku7', '151.97.19.54', 1495628092, 0x5f5f63695f6c6173745f726567656e65726174657c693a313439353632383039313b),
('chnfosheg6bdhcpv89sus5dtnorqfp8h', '151.97.19.54', 1495629067, 0x5f5f63695f6c6173745f726567656e65726174657c693a313439353632383830343b),
('g94gl2u88tcjf6ffdh1pn9rp5kuo5h3v', '151.97.19.54', 1495629445, 0x5f5f63695f6c6173745f726567656e65726174657c693a313439353632393434353b),
('bqv893te9v6q3jn72mm8g2mjc6n5djmk', '151.97.19.54', 1495630848, 0x5f5f63695f6c6173745f726567656e65726174657c693a313439353633303735343b),
('sqr2me9o3gaki7mpumsp6u0v7s284jrt', '151.97.19.54', 1495631815, 0x5f5f63695f6c6173745f726567656e65726174657c693a313439353633313831353b),
('spsqfe1s49t8tp769u730li7nfqd9b1v', '151.97.19.54', 1495632215, 0x5f5f63695f6c6173745f726567656e65726174657c693a313439353633323231343b),
('cj393hlknttmgesebkc6nndi0256i05q', '151.97.19.54', 1495632818, 0x5f5f63695f6c6173745f726567656e65726174657c693a313439353633323535353b),
('om5nr2922q7gf644djk9phgohgf69ovk', '151.97.19.54', 1495633039, 0x5f5f63695f6c6173745f726567656e65726174657c693a313439353633323837313b),
('kpuflr7i0pjodesb2dh6shr3618spbbm', '151.97.19.54', 1495633547, 0x5f5f63695f6c6173745f726567656e65726174657c693a313439353633333234373b),
('rqvgq026s8aalaqrtjcbc85cs46k2lol', '151.54.28.229', 1495646728, 0x5f5f63695f6c6173745f726567656e65726174657c693a313439353634363433343b),
('ja0p7tkruc1bejbc0ulrv67nmc9glbvb', '151.54.28.229', 1495646633, 0x5f5f63695f6c6173745f726567656e65726174657c693a313439353634363633333b),
('91pe2bp45lrt6cmr6bod5ko19rn4jhbu', '151.54.28.229', 1495646996, 0x5f5f63695f6c6173745f726567656e65726174657c693a313439353634363834313b),
('529e4kceedjaulj9ugva8rcpbsa2m4q5', '151.54.28.229', 1495647065, 0x5f5f63695f6c6173745f726567656e65726174657c693a313439353634373036353b),
('m5mobd6u180tnf5m1mabnncnbqdgja89', '151.54.28.229', 1495647658, 0x5f5f63695f6c6173745f726567656e65726174657c693a313439353634373337343b),
('ehf52htcfdcjcsrk5ij76tkm301faplu', '151.54.28.229', 1495647708, 0x5f5f63695f6c6173745f726567656e65726174657c693a313439353634373730383b),
('a1a1mphcu8smksopdv358fd2cpbdn7pa', '79.56.98.38', 1495648315, 0x5f5f63695f6c6173745f726567656e65726174657c693a313439353634383039373b),
('lbihafnr2ael14fqm3cjau8kcdhl7o9l', '151.54.32.144', 1495648438, 0x5f5f63695f6c6173745f726567656e65726174657c693a313439353634383332323b),
('tisoneqp8fcukegaqpghahk2s0kc406b', '62.18.19.225', 1495648684, 0x5f5f63695f6c6173745f726567656e65726174657c693a313439353634383631313b),
('elctvl0ejabht74juhcqc94f7d4c2350', '151.54.32.144', 1495648902, 0x5f5f63695f6c6173745f726567656e65726174657c693a313439353634383637333b),
('aqvhcq6kfsgcv9ansnuree1hs7gp52gv', '151.54.32.144', 1495649523, 0x5f5f63695f6c6173745f726567656e65726174657c693a313439353634393239333b),
('7sdguhmaso9cpp1chttp0gdsfrhe0uru', '62.18.19.225', 1495649340, 0x5f5f63695f6c6173745f726567656e65726174657c693a313439353634393334303b),
('olflgurcptqlf0od9u05rq2vou56ti0o', '151.54.32.144', 1495649799, 0x5f5f63695f6c6173745f726567656e65726174657c693a313439353634393736343b),
('8or33hs43hfqpj2e20u44n573cpc70i1', '79.56.98.38', 1495649834, 0x5f5f63695f6c6173745f726567656e65726174657c693a313439353634393833343b),
('1caevreh31090enh88rsrif8e5p74ct4', '151.54.32.144', 1495650132, 0x5f5f63695f6c6173745f726567656e65726174657c693a313439353635303133323b),
('jlb4puf3ndo604av4ru2odmitair8887', '149.154.167.165', 1495650141, 0x5f5f63695f6c6173745f726567656e65726174657c693a313439353635303134313b),
('b8ftrrqmhedd2a8n0tag2dng8u5ug21t', '93.37.176.234', 1495650292, 0x5f5f63695f6c6173745f726567656e65726174657c693a313439353635303138363b),
('lkic1rlirpigmjamjt6901mgjqhl3eb7', '79.56.98.38', 1495650276, 0x5f5f63695f6c6173745f726567656e65726174657c693a313439353635303237353b),
('aahb4p9oa40rlc84se10ac57ucn2l4ir', '93.37.176.234', 1495651827, 0x5f5f63695f6c6173745f726567656e65726174657c693a313439353635313832373b),
('t0n95nldl1ka7737eu863alip6oigbd5', '151.54.32.144', 1495652029, 0x5f5f63695f6c6173745f726567656e65726174657c693a313439353635313832373b),
('g5dc5q2mufau2m5ikuo0d6i23p0vnd8h', '151.54.32.144', 1495652251, 0x5f5f63695f6c6173745f726567656e65726174657c693a313439353635323135323b),
('955o1s35fctlmimq9e9k5vhes82a0f67', '79.56.98.38', 1495652300, 0x5f5f63695f6c6173745f726567656e65726174657c693a313439353635323238393b),
('h3e6tib5sudk7pct3o6cg9j627dbc9n1', '79.56.98.38', 1495652735, 0x5f5f63695f6c6173745f726567656e65726174657c693a313439353635323635353b),
('1savt6jf01iv68a73ecl0jquai1k6eqm', '79.56.98.38', 1495652701, 0x5f5f63695f6c6173745f726567656e65726174657c693a313439353635323730313b),
('eq852jitfbu3v13an630l9cuh87usjcn', '151.54.32.144', 1495653105, 0x5f5f63695f6c6173745f726567656e65726174657c693a313439353635323831313b),
('uff86tv0il2do9knh9rj8i9nmmi0nf2h', '151.54.32.144', 1495653483, 0x5f5f63695f6c6173745f726567656e65726174657c693a313439353635333139343b),
('e73vpcg6nai03i5tjg8o5upd83d811s5', '151.54.32.144', 1495653737, 0x5f5f63695f6c6173745f726567656e65726174657c693a313439353635333530343b),
('4f2mkpm0l5fm44d6n4fq1d8sq9u7g9tj', '93.37.176.234', 1495654039, 0x5f5f63695f6c6173745f726567656e65726174657c693a313439353635333939353b),
('2dq8sbsdrl9con5b4418k19r7rrp5227', '151.54.32.144', 1495654162, 0x5f5f63695f6c6173745f726567656e65726174657c693a313439353635343134313b),
('c4reehf4b31ltcf5v37ass2q1soesmne', '94.163.99.164', 1495654889, 0x5f5f63695f6c6173745f726567656e65726174657c693a313439353635343838393b),
('qp7k26mu58s3542do718kdc7idgmoui7', '79.56.98.38', 1495659637, 0x5f5f63695f6c6173745f726567656e65726174657c693a313439353635393633363b),
('ap9l9if697uqfevi7j2ihtpq5a8rlg7a', '79.56.98.38', 1495659671, 0x5f5f63695f6c6173745f726567656e65726174657c693a313439353635393633373b),
('qutqofb31ccckm7c7mbhpajg7p8avvgm', '93.37.176.234', 1495732433, 0x5f5f63695f6c6173745f726567656e65726174657c693a313439353733323433323b),
('qalt8aqkp4gdan7oouoohfuq9hvd7lb0', '151.54.53.32', 1495736436, 0x5f5f63695f6c6173745f726567656e65726174657c693a313439353733363433353b),
('td5iqboso0pmc93qh7p0u8nbg099mlrr', '151.54.53.32', 1495737324, 0x5f5f63695f6c6173745f726567656e65726174657c693a313439353733373038373b),
('1kdrtasbpf20c76svctb0mk6bj7vja1g', '151.54.53.32', 1495737799, 0x5f5f63695f6c6173745f726567656e65726174657c693a313439353733373531313b),
('voi40j7cvlfhr2l5cociaeksgnhv2dm8', '151.54.53.32', 1495738124, 0x5f5f63695f6c6173745f726567656e65726174657c693a313439353733373836393b),
('d1eikrr1jgb9qmmq9v43accs2fqmu4n5', '151.54.53.32', 1495738727, 0x5f5f63695f6c6173745f726567656e65726174657c693a313439353733383535373b),
('hs4307q6dp4hi2lbrn8rfkfn74i055d5', '62.18.29.64', 1495738949, 0x5f5f63695f6c6173745f726567656e65726174657c693a313439353733383836333b),
('rm550pu1or8dvmb9qt56r2dftl7lvev4', '151.54.53.32', 1495739205, 0x5f5f63695f6c6173745f726567656e65726174657c693a313439353733383936343b),
('g942b1brpa1nr679unj6fi2cmur5qjdn', '151.54.53.32', 1495739765, 0x5f5f63695f6c6173745f726567656e65726174657c693a313439353733393437303b),
('tv4jvb0omcl7ai84fdvcbsqgr54d9utu', '151.54.53.32', 1495740086, 0x5f5f63695f6c6173745f726567656e65726174657c693a313439353733393738363b),
('n3s6g98t70lrel8422reafd4hgsrk7qj', '62.18.29.64', 1495739798, 0x5f5f63695f6c6173745f726567656e65726174657c693a313439353733393739383b),
('m44co6v69dovpgg806ei1u8kufoesi24', '151.54.53.32', 1495739953, 0x5f5f63695f6c6173745f726567656e65726174657c693a313439353733393935333b),
('u5vfa358mcfcmovt8r3l384evghpnili', '93.37.176.234', 1495740751, 0x5f5f63695f6c6173745f726567656e65726174657c693a313439353734303735313b),
('lsv3oo1ae46p27utgd43hrdh6sv5bmsl', '93.37.176.234', 1495741134, 0x5f5f63695f6c6173745f726567656e65726174657c693a313439353734313131323b),
('u6e1mrukce1ngrsbhld1p99af4iv7681', '151.54.53.32', 1495742123, 0x5f5f63695f6c6173745f726567656e65726174657c693a313439353734313937323b),
('0bdjf9sbm78jc1c0i40pg0guuumvom58', '93.37.176.234', 1495747593, 0x5f5f63695f6c6173745f726567656e65726174657c693a313439353734373539333b),
('0emcjv6htlrr84mlvq1uoimi6q42asva', '62.18.29.64', 1495749996, 0x5f5f63695f6c6173745f726567656e65726174657c693a313439353734393937333b),
('uj7tkngn7hlvetoud02gvj306aet774i', '93.37.176.234', 1495750770, 0x5f5f63695f6c6173745f726567656e65726174657c693a313439353735303734323b),
('0edef5m9bpu61mn616mvs188cb8fqv3c', '151.97.19.54', 1495783309, 0x5f5f63695f6c6173745f726567656e65726174657c693a313439353738333330393b),
('jg5getmvk86kcan32ka26b728t1v1pua', '151.97.19.54', 1495783707, 0x5f5f63695f6c6173745f726567656e65726174657c693a313439353738333730373b),
('2cqueato4ohk98rb507fu6cgse3hl27o', '151.97.19.54', 1495784520, 0x5f5f63695f6c6173745f726567656e65726174657c693a313439353738343232353b),
('fkbfr5foabs0qnmjg4u32ulbh2d7vf59', '151.97.19.54', 1495784723, 0x5f5f63695f6c6173745f726567656e65726174657c693a313439353738343630383b),
('39dhfao24lg4809ol37bigf840e0apq2', '151.97.19.54', 1495784976, 0x5f5f63695f6c6173745f726567656e65726174657c693a313439353738343934343b),
('tfm6g11s28pnbk8uhucpcvgj6sk08q14', '151.97.19.54', 1495786331, 0x5f5f63695f6c6173745f726567656e65726174657c693a313439353738363131343b),
('s2srdnvjl067mm6gsr8gbel4nhtna0bb', '151.54.61.156', 1495812672, 0x5f5f63695f6c6173745f726567656e65726174657c693a313439353831323438363b),
('ijao229381hr028q3ivp9c3f50cdelkf', '79.56.98.38', 1495812719, 0x5f5f63695f6c6173745f726567656e65726174657c693a313439353831323439373b),
('fv5oqdhpi8o24uns4as8p8gt9rbs3iuj', '93.37.176.234', 1495812712, 0x5f5f63695f6c6173745f726567656e65726174657c693a313439353831323531333b),
('ho16fhnl6c4mh8vrn42e964id2021qqr', '93.37.176.234', 1495812943, 0x5f5f63695f6c6173745f726567656e65726174657c693a313439353831323832353b),
('o95l9b042cjk8scfcpa4v1jt10tcg7e1', '151.54.61.156', 1495813124, 0x5f5f63695f6c6173745f726567656e65726174657c693a313439353831323833373b),
('3fd2uk5ak8djg99p8jqn9hr975kun78u', '79.56.98.38', 1495813032, 0x5f5f63695f6c6173745f726567656e65726174657c693a313439353831323834353b),
('m669cqrkml9uc5k9f10v9ln5ngs4kp89', '79.56.98.38', 1495813223, 0x5f5f63695f6c6173745f726567656e65726174657c693a313439353831333139303b),
('jj0r6gqkh72rj6fmejbmqkg8nk2nsge6', '151.54.61.156', 1495813240, 0x5f5f63695f6c6173745f726567656e65726174657c693a313439353831333233333b),
('68nm11spvlr8pt82g0a05pl82eiqecmm', '127.0.0.1', 1495821990, 0x5f5f63695f6c6173745f726567656e65726174657c693a313439353832313938393b),
('a12fhnb09sf7mkm73jjdj7jnqojui5so', '104.47.164.119', 1495821991, 0x5f5f63695f6c6173745f726567656e65726174657c693a313439353832313939313b),
('i0in7ackpbo21o0ipfu1nesjga1hki0e', '104.47.164.119', 1495821992, 0x5f5f63695f6c6173745f726567656e65726174657c693a313439353832313939323b),
('80a1mjjmjclpnvg47uhv0o9nsllahj4u', '104.47.164.119', 1495822001, 0x5f5f63695f6c6173745f726567656e65726174657c693a313439353832323030313b),
('5e0h8t00udf330clvceqipbcqa3brrjb', '104.47.164.119', 1495822011, 0x5f5f63695f6c6173745f726567656e65726174657c693a313439353832323031313b),
('ime7gns9a7175nqa8mp45vrnjedj5do8', '104.47.164.119', 1495822131, 0x5f5f63695f6c6173745f726567656e65726174657c693a313439353832323133313b),
('e31sfm7tu0scubi1uaps0hi0lbva6bki', '104.47.164.119', 1495822141, 0x5f5f63695f6c6173745f726567656e65726174657c693a313439353832323134313b),
('dl4pmb19ptgqfvv1v4d2ktkp55qu895n', '104.47.164.119', 1495822162, 0x5f5f63695f6c6173745f726567656e65726174657c693a313439353832323136323b),
('phh34r6ntqchlbm4p2g7i0nm3lhn9hg5', '127.0.0.1', 1495822368, 0x5f5f63695f6c6173745f726567656e65726174657c693a313439353832323336383b),
('1ohjfnq6cdaimrd9a477k0fro7br51it', '104.47.164.119', 1495822369, 0x5f5f63695f6c6173745f726567656e65726174657c693a313439353832323336393b),
('tk37raq6i3vb33755gfdt7l0u1l9vpal', '104.47.164.119', 1495822369, 0x5f5f63695f6c6173745f726567656e65726174657c693a313439353832323336393b),
('goq6rdn5cgojujjal38jmta24l5uplfg', '104.47.164.119', 1495822371, 0x5f5f63695f6c6173745f726567656e65726174657c693a313439353832323337313b),
('hbage5f930ej4ojngt94ohqb0gqtchuu', '104.47.164.119', 1495822381, 0x5f5f63695f6c6173745f726567656e65726174657c693a313439353832323338313b),
('3q8akniqh5ni63ff3nfd844pmk8726vf', '104.47.164.119', 1495822681, 0x5f5f63695f6c6173745f726567656e65726174657c693a313439353832323638313b),
('nvo3f6jdhh39lm96r643anfstjjthk19', '104.47.164.119', 1495822982, 0x5f5f63695f6c6173745f726567656e65726174657c693a313439353832323938323b),
('it3l2g89qd0jckvf16h5nto2kfn4b23s', '104.47.164.119', 1495823282, 0x5f5f63695f6c6173745f726567656e65726174657c693a313439353832333238323b),
('ctjb4dp3h2tanf8mjheoci7dk5ljko2p', '104.47.164.119', 1495823582, 0x5f5f63695f6c6173745f726567656e65726174657c693a313439353832333538323b),
('3t08fj12icch9mt458tsga1njtlgtt87', '104.47.164.119', 1495823883, 0x5f5f63695f6c6173745f726567656e65726174657c693a313439353832333838333b);

-- --------------------------------------------------------

--
-- Struttura della tabella `noleggio`
--

CREATE TABLE `noleggio` (
  `ID` int(11) NOT NULL,
  `ID_PRODOTTO` int(11) NOT NULL,
  `ID_UTENTE` int(11) NOT NULL,
  `data_inizio` datetime NOT NULL,
  `data_fine` datetime NOT NULL,
  `prezzo_tot` decimal(10,2) NOT NULL,
  `caparra` decimal(10,2) NOT NULL,
  `descrizione` text NOT NULL,
  `data_prenotazione` datetime NOT NULL
) ENGINE=MyISAM DEFAULT CHARSET=latin1;

-- --------------------------------------------------------

--
-- Struttura della tabella `prodotto`
--

CREATE TABLE `prodotto` (
  `ID` int(11) NOT NULL,
  `num_serie` varchar(32) NOT NULL,
  `nome` varchar(256) NOT NULL,
  `ID_CATEGORIA` int(11) NOT NULL,
  `marca` varchar(128) NOT NULL,
  `img` varchar(128) NOT NULL,
  `prezzo` decimal(10,2) NOT NULL,
  `prezzo_vendita` decimal(10,2) NOT NULL,
  `view` int(11) NOT NULL DEFAULT '0',
  `likes` int(11) NOT NULL DEFAULT '0',
  `data` timestamp NOT NULL DEFAULT CURRENT_TIMESTAMP
) ENGINE=MyISAM DEFAULT CHARSET=latin1;

--
-- Dump dei dati per la tabella `prodotto`
--

INSERT INTO `prodotto` (`ID`, `num_serie`, `nome`, `ID_CATEGORIA`, `marca`, `img`, `prezzo`, `prezzo_vendita`, `view`, `likes`, `data`) VALUES
(1, 'N9TT-9G0A-B7FQ-RANC', 'PlayStation 4 Pro', 4, 'Sony', 'e84d2a7386810ca8428300e3d157df27.jpg', '9.90', '290.00', 0, 0, '2017-05-21 09:00:00'),
(2, 'TjzgTA439JwoGxYZcteNqp55', 'Nintendo Switch', 4, 'Nintendo', 'b5a32defeadcae45ed7d94e8ebcea791.jpg', '12.99', '279.00', 0, 0, '2017-05-21 09:30:56'),
(3, 'NHLE-L6MI-4GE4-ETEV', 'iPhone 5s', 6, 'Apple', '773a5cc3ca8ed8d99a4f7bffd8e03ba0.jpg', '5.00', '220.00', 0, 0, '2017-05-21 09:36:24'),
(4, 'F7MQXyNLpghqBbAs', 'Tagliaerba', 8, 'Bosch', 'eb4597f8ef3e6817278b14caac39cfb5.jpg', '4.99', '149.99', 0, 0, '2017-05-21 09:36:31'),
(5, 'pb5LZ5zm8vFozUi5', 'Thunderbolt To Gigabit Ethernet Adapter', 6, 'Apple', '1a5d62f28a2588795ea4e4b077026088.JPG', '0.25', '25.00', 0, 0, '2017-05-21 09:43:55'),
(6, '6ETI-UIL2-9WAX-XHYO', 'Xbox 360 E', 4, 'Microsoft', 'b1a62ecc3b976d1c07c24402bfc2787d.jpg', '3.90', '100.00', 0, 0, '2017-05-21 09:49:50'),
(7, 'nbif3223idnaser', 'Fotocamera', 5, 'Nikon', '131a2d1c382b45c3aff93c3f3076a67f.JPG', '4.99', '279.00', 0, 0, '2017-05-21 10:07:22'),
(8, 'TjzgTA439JwoG56SkfifyxYZ', 'Piano cottura', 7, 'Hotpoint', '466837cdf17073e4c950073e728ed71a.jpg', '2.99', '90.00', 0, 0, '2017-05-21 10:56:56'),
(9, 'D6shNojGFAssEnJS', 'Violino', 1, 'Gewa', '60872d367563e2800aa1d0955a5cb8ac.jpg', '4.99', '90.00', 0, 0, '2017-05-22 08:45:05'),
(10, '4ATH-BLWM-NC4N-YQ5I', 'Notebook', 6, 'Toshiba', '397929ee2c3c33004c528bba46bc7587.jpg', '8.00', '90.00', 0, 0, '2017-05-22 08:51:22'),
(11, 'Eahw9vXprDbnwnS7', 'Armadietto a muro con cornice', 9, 'N.D.', '12006b99b2748e54c73256187ea4d856.jpg', '2.00', '50.00', 0, 0, '2017-05-22 08:52:18'),
(12, 'gLtVeuCEuvfr3Ltb', 'Spiderman', 10, 'Giochi Preziosi', '955c305406e93ef3340a8afed70bb7b0.JPG', '0.50', '7.90', 0, 0, '2017-05-22 08:56:40'),
(13, '9RtYxvdWdTQAqhSD', 'Culla ', 11, 'Peg Perego', 'a0533c2a1b8689c943c164c20c0609a6.jpg', '3.50', '99.99', 0, 0, '2017-05-22 09:00:11'),
(14, '6RG5-J6V8-UMED-AI)Y', 'Chitarra elettrica', 1, 'Fender', '95e125b7fd509a80ae4f48f358bb9d3d.jpg', '4.00', '100.00', 0, 0, '2017-05-22 09:00:32'),
(15, '8kjnCfoDWdm6nwgJ', 'Abito da uomo', 12, 'Armani', '46439348d27d5a28006bc9e78689cbbf.jpg', '30.00', '150.00', 0, 0, '2017-05-22 09:03:06'),
(16, 'bhqBtpsMuB2ZbFHk', 'Collana perle, ciondolo ambrato', 13, 'Comete', '20b35e330a62eb56cb374862f3b0e05c.JPG', '4.99', '149.00', 0, 0, '2017-05-22 09:08:35'),
(17, 'BP98-5SG5-DYEM-OB6W', 'Smart TV', 5, 'Samsung', 'ce1ed2acb19912c77f1e71cc41e98186.jpg', '5.00', '70.00', 0, 0, '2017-05-22 09:10:03'),
(18, 'EN2Z-MQJT-DG6K-OPN9', 'Stepper', 14, 'Domyos', '848869815d2c42a8ea64b42616a186a7.jpg', '2.00', '15.00', 0, 0, '2017-05-22 09:14:48'),
(19, 'QG6L-DWT6-TGLG-IUY0', 'Trainer addominali', 14, 'Domyos', '39f277735fa1d1ecfc46e6bc81c0e73a.jpg', '2.00', '10.00', 0, 0, '2017-05-22 09:20:44'),
(20, 'CXJ7-N3KU-V3YD-7RVN', 'Vestito', 12, 'Sonny Bono', '170d6fdc3f3662b46e68fe77540ff429.jpg', '20.00', '100.00', 0, 0, '2017-05-22 09:29:45'),
(21, 'GU69-Q6GD-CARQ-OQA0', 'Grand Theft Auto V', 3, 'Rockstar Games', 'ba393e7737d0d7947c6324155bfdfb85.jpg', '2.00', '29.00', 0, 0, '2017-05-22 09:38:50'),
(22, 'A757-ESNA-QRPF-ASD5', 'Fifa 17', 3, 'Electronic Arts', '9b3fa8c8e7a335c04eb38eb8f32859ca.jpg', '4.00', '35.00', 0, 0, '2017-05-22 09:45:15'),
(23, '2ZZW-59BT-H44K-MHBG', 'The Imitation Game', 2, 'Black Bear Pictures', '4f9595921e656dd535668cfe8dff1c20.jpg', '2.00', '10.00', 0, 0, '2017-05-22 10:07:02'),
(24, 'SemC9DHT8DR4k6Jx', 'Manette', 16, 'JB', '0ec54899f2eaac2034b3c603a32df562.jpg', '1.50', '8.00', 0, 0, '2017-05-22 10:14:37'),
(25, 'ERCJ-75W8-LDGX-QU5C', 'Chuck', 2, 'Warner Brothers', '07b0af373d10affe909c55ddb52ff681.jpg', '2.00', '10.00', 0, 0, '2017-05-22 10:14:49'),
(26, '3b5WLNnNJYbENEr7', 'Prato sintetico', 8, 'HR', 'f503637cad360163493fda29bb35f22a.JPG', '0.50', '12.99', 0, 0, '2017-05-22 10:17:16'),
(27, 'TaMSAZpg4xYpgGT9', 'Jeep', 10, 'Burago', 'b730a5a7d5e52795ba75d188d71630a9.jpg', '0.50', '9.99', 0, 0, '2017-05-22 10:20:23'),
(28, '73JLt7LF', 'Girello', 11, 'Chicco', '811a6a4d445700187332bd6b388b32dc.jpg', '0.50', '15.00', 0, 0, '2017-05-22 10:24:39'),
(29, 'ZNLL-PURQ-KX8V-TRE1', 'Divano', 7, 'Divani&Divani', 'd0645155060add7c9a92544de7d0686f.png', '4.00', '120.00', 0, 0, '2017-05-22 10:26:59'),
(30, 'GTGB-KR4M-WMT3-06T4', 'Frullatore', 7, 'Philips', 'd3b59b583466450e199abb1159da0568.jpg', '3.00', '20.00', 0, 0, '2017-05-22 10:37:14'),
(31, '2DHF-AYZG-7KVN-98TA', 'The Last Of Us', 3, 'Naughty Dog', '01e1625909e385eaaf117e880ec46f35.jpg', '2.00', '20.00', 0, 0, '2017-05-22 14:04:39'),
(32, '2W2Y-8YEK-D486-BD9P', 'Call Of Duty Black Ops III', 3, 'Activision', 'af13db85e9b4824a71014358a42e1f97.jpg', '3.00', '25.00', 0, 0, '2017-05-22 14:08:23'),
(33, '32GS-Q9EA-CSC8-I66R', 'Grazie A Tutti', 1, 'Sony Music', 'e3a32e138ded10af1aedc60fe2f522d6.jpg', '2.50', '9.99', 0, 0, '2017-05-22 14:16:10'),
(34, '3A8A-8HWA-TPZC-65R3', 'A Head Full of Dreams', 1, 'Parlophone', '6b6f33572026b2f41bc6081952078bf6.jpg', '1.50', '8.00', 0, 0, '2017-05-22 14:22:44'),
(35, '3CQE-LG6F-P8BS-OI77', 'Sandali', 12, 'Steve Madden', 'd1366f51ef111ba3bbae0a9ef77666c3.png', '19.00', '100.00', 0, 0, '2017-05-22 14:29:56'),
(36, '3NNH-WCUA-2394-075R', 'Nike Shox Tlx', 12, 'Nike', '3cb4a7aebb0fe0e2b5ce5926abb5d019.jpg', '23.00', '80.00', 0, 0, '2017-05-22 14:37:55'),
(37, '3WBP-KFN7-SPE5-T5R4', 'Racchetta Tennis', 14, 'Head Speed', 'dcfff23417a75360f53e613d0d794d0b.jpg', '9.50', '55.00', 0, 0, '2017-05-22 14:42:06'),
(38, '4EP2-SMXK-SZCU-87UT', 'Orologio', 13, 'Casio', '30a9cb1223610fd423117560da61d879.jpg', '6.00', '19.99', 0, 0, '2017-05-22 14:46:42');

-- --------------------------------------------------------

--
-- Struttura della tabella `prodotto_dettagli`
--

CREATE TABLE `prodotto_dettagli` (
  `ID_PRODOTTO` int(11) NOT NULL,
  `dettaglio` varchar(64) NOT NULL,
  `descrizione` text NOT NULL
) ENGINE=MyISAM DEFAULT CHARSET=latin1;

--
-- Dump dei dati per la tabella `prodotto_dettagli`
--

INSERT INTO `prodotto_dettagli` (`ID_PRODOTTO`, `dettaglio`, `descrizione`) VALUES
(1, 'Colore', 'Blu scuro'),
(1, 'Hard Disk', '1 TB'),
(3, 'Colore', 'Gold'),
(3, 'Memoria', '16 GB'),
(3, 'Accessori', 'auricolari, cavo lightning, adattatore da corrente'),
(4, 'Stato', 'Poco utilizzato causa trasloco'),
(5, 'Colore ', 'Bianco'),
(5, 'Stato', 'Inutilizzato, causa cambio Pc'),
(5, 'Descrizione', 'Adattatore da porta Thuderbolt a lan'),
(6, 'Memoria', '250 GB'),
(6, 'Colore', 'nero'),
(6, 'Stato', 'pari al nuovo'),
(6, 'Accessori', '2 joystick, 3 mesi xbox live, headset, alimentatore, cavo HDMI'),
(7, 'Colore', 'Nero'),
(7, 'Stato', 'Ottime condizioni'),
(7, 'Specifiche', 'Bridge tra reflex e compatte'),
(8, 'Dettaglio', '4 fuochi'),
(8, 'Stato', 'Poco utilizzato, causa trasloco'),
(9, 'Colore', 'Legno '),
(9, 'Stato', 'Immacolato, causa inutilizzo'),
(10, 'Modello', 'satellite C660'),
(10, 'Colore', 'nero'),
(10, 'Accessori', 'batteria integrata, cavo alimentazione'),
(10, 'Stato', 'porte USB non funzionanti'),
(13, 'Stato', 'Perfette condizioni'),
(13, 'Colore', 'Color legno'),
(14, 'Modello', 'squier'),
(14, 'Colore', 'bianco'),
(14, 'Accessori', 'tracolla, plettro'),
(14, 'Stato', 'perfette condizioni'),
(15, 'Colore', 'Nero'),
(15, 'Tessuto', 'Raso'),
(15, 'Taglia', '48'),
(16, 'Stato', 'Come nuovo causa inutilizzo'),
(16, 'Specifiche', 'Collana di perle con ciondolo d\'ambra'),
(17, 'Colore', 'nero'),
(17, 'Modello', 'UE22ES5400'),
(17, 'Stato', 'perfette condizioni'),
(17, 'Caratteristiche', 'led, 22 pollici, full hd, hdmi, monitor, usb'),
(18, 'Colore', 'azzurro'),
(18, 'Stato', 'ottime condizioni'),
(18, 'Caratteristiche', 'telaio in metallo, cilindri idraulici, pedaliere antiscivolo, computer di allenamento'),
(19, 'Colore', 'grigio'),
(19, 'Stato', 'perfette condizioni'),
(19, 'Caratteristiche', 'poggiatesta, appoggi per braccia e mani'),
(20, 'Colore', 'nero'),
(20, 'Taglia', '50'),
(20, 'Composizione', '82% poliestere, 18% viscosa'),
(20, 'Stato', 'perfette condizioni'),
(20, 'Modello', 'elegante, uomo'),
(21, 'Piattaforma', 'PlayStation 4'),
(21, 'Stato', 'perfette condizioni'),
(21, 'Caratteristiche', 'lingua italiana, manuale italiano, PEGI 18'),
(22, 'Piattaforma', 'Xbox One'),
(22, 'Stato', 'perfette condizioni'),
(22, 'Caratteristiche', 'PEGI 3, lingua italiana, manuale italiano'),
(23, 'Stato', 'perfette condizioni'),
(23, 'Caratteristiche', 'Blu-ray, PAL, lingua italiana, formato 16:9, durata 114 minuti'),
(24, 'Colore ', 'Rosa a forma di cuore'),
(25, 'Caratteristiche', 'Serie TV, DVD, lingua italiana, PAL, formato 16:9, 5 dischi'),
(25, 'Stato', 'perfette condizioni'),
(27, 'Descrizione', 'Jeep Cheroke Burago'),
(27, 'Colore', 'Rosso'),
(28, 'Descrizioni', 'Ripiano con centro attività interattivo'),
(29, 'Colore', 'rosso'),
(29, 'Dimensioni', '184 x 77.5 x 60.5 cm (L x P x A)'),
(29, 'Materiale', 'rivestimento in pelle artificiale'),
(29, 'Stato', 'ottime condizioni'),
(30, 'Colore', 'verde'),
(30, 'Caratteristiche', 'tecnologia ProBlend 4, motore 400 W, funzione Pulse-One-Touch, vaso in vetro, capacità 1.5 litri'),
(30, 'Materiale', 'acciaio inossidabile, plastica'),
(31, 'Piattaforma', 'PlayStation 4'),
(31, 'Caratteristiche', 'PEGI 18, lingua italiana, manuale assente'),
(31, 'Stato', 'perfette condizioni'),
(32, 'Piattaforma', 'PlayStation 4'),
(32, 'Caratteristiche', 'PEGI 18, lingua italiana, manuale italiano'),
(32, 'Stato', 'perfette condizioni'),
(33, 'Artista', 'Gianni Morandi'),
(33, 'Stato', 'perfette condizioni'),
(33, 'Caratteristiche', 'CD audio, numero dischi 3, album'),
(34, 'Artista', 'Coldplay'),
(34, 'Stato', 'perfette condizioni'),
(34, 'Caratteristiche', 'anno 2015, numero dischi 1, CD audio'),
(35, 'Modello', 'elegante, donna'),
(35, 'Colore', 'nero'),
(35, 'Caratteristiche', 'tacco 10.5 cm, suola in materiale sintetico, rivestimento in finta pelle'),
(35, 'Taglia', '37'),
(36, 'Taglia', '45'),
(36, 'Stato', 'ottime condizioni'),
(36, 'Colore', 'nero, grigio, giallo'),
(37, 'Colore', 'bianco, nero'),
(37, 'Materiale', 'grafite'),
(37, 'Stato', 'Perfette condizioni'),
(37, 'Caratteristiche', 'racchetta per adulto'),
(38, 'Colore', 'argento'),
(38, 'Modello', 'A164WA, uomo'),
(38, 'Materiale', 'acciaio');

-- --------------------------------------------------------

--
-- Struttura della tabella `sottoiscrizione`
--

CREATE TABLE `sottoiscrizione` (
  `ID` int(11) NOT NULL,
  `ID_UTENTE` int(11) NOT NULL,
  `tipo` int(11) NOT NULL,
  `data_inizio` datetime NOT NULL,
  `data_fine` datetime NOT NULL
) ENGINE=MyISAM DEFAULT CHARSET=latin1;

-- --------------------------------------------------------

--
-- Struttura della tabella `utente`
--

CREATE TABLE `utente` (
  `ID` int(11) NOT NULL,
  `nome` varchar(64) NOT NULL,
  `cognome` varchar(64) NOT NULL,
  `cf` varchar(16) NOT NULL,
  `email` varchar(64) NOT NULL,
  `password` varchar(256) NOT NULL,
  `telefono` int(12) NOT NULL,
  `data_nascita` date NOT NULL,
  `newsletter` tinyint(1) NOT NULL,
  `data_iscrizione` timestamp NOT NULL DEFAULT CURRENT_TIMESTAMP
) ENGINE=MyISAM DEFAULT CHARSET=latin1;

-- --------------------------------------------------------

--
-- Struttura della tabella `utente_prodotto`
--

CREATE TABLE `utente_prodotto` (
  `ID_UTENTE` int(11) NOT NULL,
  `ID_PRODOTTO` int(11) NOT NULL,
  `data_consegna` datetime NOT NULL,
  `descrizione` text NOT NULL
) ENGINE=MyISAM DEFAULT CHARSET=latin1;

--
-- Indici per le tabelle scaricate
--

--
-- Indici per le tabelle `categoria`
--
ALTER TABLE `categoria`
  ADD PRIMARY KEY (`ID`);

--
-- Indici per le tabelle `ci_sessions`
--
ALTER TABLE `ci_sessions`
  ADD KEY `ci_sessions_timestamp` (`timestamp`);

--
-- Indici per le tabelle `noleggio`
--
ALTER TABLE `noleggio`
  ADD PRIMARY KEY (`ID`,`ID_PRODOTTO`,`ID_UTENTE`);

--
-- Indici per le tabelle `prodotto`
--
ALTER TABLE `prodotto`
  ADD PRIMARY KEY (`ID`),
  ADD UNIQUE KEY `num_serie` (`num_serie`);

--
-- Indici per le tabelle `sottoiscrizione`
--
ALTER TABLE `sottoiscrizione`
  ADD PRIMARY KEY (`ID`,`ID_UTENTE`);

--
-- Indici per le tabelle `utente`
--
ALTER TABLE `utente`
  ADD PRIMARY KEY (`ID`),
  ADD UNIQUE KEY `email` (`email`);

--
-- AUTO_INCREMENT per le tabelle scaricate
--

--
-- AUTO_INCREMENT per la tabella `categoria`
--
ALTER TABLE `categoria`
  MODIFY `ID` int(11) NOT NULL AUTO_INCREMENT, AUTO_INCREMENT=17;
--
-- AUTO_INCREMENT per la tabella `noleggio`
--
ALTER TABLE `noleggio`
  MODIFY `ID` int(11) NOT NULL AUTO_INCREMENT;
--
-- AUTO_INCREMENT per la tabella `prodotto`
--
ALTER TABLE `prodotto`
  MODIFY `ID` int(11) NOT NULL AUTO_INCREMENT, AUTO_INCREMENT=39;
--
-- AUTO_INCREMENT per la tabella `sottoiscrizione`
--
ALTER TABLE `sottoiscrizione`
  MODIFY `ID` int(11) NOT NULL AUTO_INCREMENT;
--
-- AUTO_INCREMENT per la tabella `utente`
--
ALTER TABLE `utente`
  MODIFY `ID` int(11) NOT NULL AUTO_INCREMENT;
/*!40101 SET CHARACTER_SET_CLIENT=@OLD_CHARACTER_SET_CLIENT */;
/*!40101 SET CHARACTER_SET_RESULTS=@OLD_CHARACTER_SET_RESULTS */;
/*!40101 SET COLLATION_CONNECTION=@OLD_COLLATION_CONNECTION */;
